id,question,correct_answer,wrong1,wrong2,wrong3,category
1,"Who was the PFA Young Player of the Year for the 2011-12 season playing for Tottenham Hotspur, before moving to Real Madrid?",Gareth Bale,Kyle Walker,Dele Alli,Aaron Lennon,Premier League
2,"Which player won the NBA Most Improved Player award in 2001, primarily for his increased scoring and rebounding with the Orlando Magic?",Tracy McGrady,Jermaine O'Neal,Gilbert Arenas,Kevin Garnett,NBA
3,Which club did Dimitar Berbatov play for when he won the Premier League Golden Boot (shared) in the 2010-11 season?,Manchester United,Tottenham Hotspur,Fulham,Bayer Leverkusen,Premier League
4,Who was the head coach of the Los Angeles Lakers when they won three consecutive NBA championships from 2000 to 2002?,Phil Jackson,Pat Riley,Rudy Tomjanovich,Frank Hamblen,NBA
5,Which season did Manchester United last win the Premier League title under Sir Alex Ferguson?,2012-13,2010-11,2008-09,2006-07,Premier League
6,"Which player was the first overall pick in the 1985 NBA Draft, selected by the New York Knicks in the first-ever NBA Draft Lottery?",Patrick Ewing,Wayman Tisdale,Benoit Benjamin,Chris Mullin,NBA
7,"Which Spanish midfielder was a key part of Manchester City's dominant era under Pep Guardiola, known for his vision and passing?",David Silva,Xabi Alonso,Cesc Fàbregas,Juan Mata,Premier League
8,"Which player won the NBA MVP award in the 1987-88 season, also winning Defensive Player of the Year the same season?",Michael Jordan,Larry Bird,Magic Johnson,Hakeem Olajuwon,NBA
9,"Which current Premier League stadium, opened in 2019, is home to Tottenham Hotspur?",Tottenham Hotspur Stadium,Emirates Stadium,London Stadium,Wembley Stadium,Premier League
10,"Which team won the 2007 NBA Championship, sweeping LeBron James' Cleveland Cavaliers in the Finals?",San Antonio Spurs,Detroit Pistons,Boston Celtics,Dallas Mavericks,NBA
11,"Who was the Premier League's top scorer in the 2014-15 season, helping Manchester City finish second?",Sergio Agüero,Harry Kane,Diego Costa,Alexis Sánchez,Premier League
12,Which player won the NBA Rookie of the Year award in 2008 playing for the Seattle SuperSonics/Oklahoma City Thunder?,Kevin Durant,Al Horford,Greg Oden,Derrick Rose,NBA
13,Which manager led Liverpool to UEFA Champions League glory in 2019 and their first Premier League title in 2020?,Jürgen Klopp,Rafael Benítez,Brendan Rodgers,Kenny Dalglish,Premier League
14,Which player was named the NBA Finals MVP in 2015 after helping the Golden State Warriors win their first title in 40 years?,Andre Iguodala,Stephen Curry,Klay Thompson,LeBron James,NBA
15,Which goalkeeper famously scored a last-minute equalizer for Everton against Bolton Wanderers in 2007?,Tim Howard,Paul Robinson,Peter Schmeichel,Brad Friedel,Premier League
16,What pick was Luka Dončić in the 2018 NBA Draft before being traded to the Dallas Mavericks?,3rd pick (Atlanta Hawks),1st pick (Phoenix Suns),5th pick (Dallas Mavericks),2nd pick (Sacramento Kings),NBA
17,"Which team, managed by Alan Pardew, surprisingly finished 5th in the Premier League in the 2011-12 season?",Newcastle United,Everton,Fulham,West Ham United,Premier League
18,Which player won the NBA Most Improved Player award in 2018 with the Indiana Pacers?,Victor Oladipo,Giannis Antetokounmpo,CJ McCollum,Jimmy Butler,NBA
19,Who became Liverpool's all-time leading scorer in the Premier League era during the 2022-23 season?,Mohamed Salah,Robbie Fowler,Steven Gerrard,Michael Owen,Premier League
20,"Which team did Charles Barkley notably play for, reaching the NBA Finals in 1993?",Phoenix Suns,Philadelphia 76ers,Houston Rockets,Golden State Warriors,NBA
21,"Which defender, known for his captaincy, led Chelsea to multiple Premier League titles in the 2000s and 2010s?",John Terry,Ricardo Carvalho,Gary Cahill,Ashley Cole,Premier League
22,"Which NBA legend, known as 'The Mailman', formed a formidable duo with John Stockton for the Utah Jazz?",Karl Malone,Charles Barkley,Larry Johnson,Shawn Kemp,NBA
23,"Which country won the FIFA World Cup in 2010, with many of its key players playing in the Premier League?",Spain,Netherlands,Germany,France,Premier League
24,"Which German player was the NBA Finals MVP in 2011, leading the Dallas Mavericks to the championship?",Dirk Nowitzki,Detlef Schrempf,Dennis Schröder,Franz Wagner,NBA
25,Who was the Premier League Manager of the Season when Leicester City won the title in 2015-16?,Claudio Ranieri,Mauricio Pochettino,Arsène Wenger,Eddie Howe,Premier League
26,"Which player won the NBA MVP award in the 1999-2000 season, leading the Lakers to a championship?",Shaquille O'Neal,Kobe Bryant,Allen Iverson,Tim Duncan,NBA
27,Which club did Frank Lampard manage in the Premier League before returning to Chelsea as manager in 2019?,Derby County,Everton,Manchester City,West Ham United,Premier League
28,Which player was selected first overall in the 1997 NBA Draft by the San Antonio Spurs and went on to win 5 championships with them?,Tim Duncan,Keith Van Horn,Chauncey Billups,Tracy McGrady,NBA
29,In which season was Video Assistant Referee (VAR) first introduced in the Premier League?,2019-20,2018-19,2020-21,2017-18,Premier League
30,Which player won the NBA Defensive Player of the Year award for three consecutive seasons from 2014-15 to 2016-17?,Kawhi Leonard,Draymond Green,Rudy Gobert,Dwight Howard,NBA
31,"Which team did Carlos Tevez controversially join from Manchester United in 2009, leading to the 'Welcome to Manchester' billboard?",Manchester City,Liverpool,Chelsea,West Ham United,Premier League
32,Which team drafted Vince Carter in 1998 and then traded him to the Toronto Raptors?,Golden State Warriors,Toronto Raptors,Denver Nuggets,Vancouver Grizzlies,NBA
33,Who was the top scorer in the inaugural Premier League season of 1992-93?,Teddy Sheringham,Alan Shearer,Ian Wright,Les Ferdinand,Premier League
34,"Which player, known as 'Penny', formed an exciting duo with Shaquille O'Neal on the Orlando Magic in the mid-1990s?",Anfernee Hardaway,Scottie Pippen,Grant Hill,Harold Miner,NBA
35,Which former Arsenal captain controversially moved to Manchester United in 2012 and won the Premier League title in his first season there?,Robin van Persie,Cesc Fàbregas,Thierry Henry,Patrick Vieira,Premier League
36,"Which team won the NBA championship in 2021, led by Giannis Antetokounmpo?",Milwaukee Bucks,Phoenix Suns,Los Angeles Lakers,Brooklyn Nets,NBA
37,Which player won the PFA Players' Player of the Year for the 2018-19 season playing for Liverpool?,Virgil van Dijk,Mohamed Salah,Sadio Mané,Raheem Sterling,Premier League
38,"Who holds the record for the most three-pointers made in a single NBA regular season, set while playing for the Golden State Warriors?",Stephen Curry,Klay Thompson,James Harden,Ray Allen,NBA
39,Which manager was in charge of Chelsea when they won the UEFA Champions League for the first time in 2012?,Roberto Di Matteo,José Mourinho,Carlo Ancelotti,Avram Grant,Premier League
40,"Which player was the first unanimous MVP in NBA history, achieving this in the 2015-16 season?",Stephen Curry,LeBron James,Michael Jordan,Shaquille O'Neal,NBA
41,Which Manchester City player won the PFA Young Player of the Year award for the 2017-18 season?,Leroy Sané,Raheem Sterling,Phil Foden,Gabriel Jesus,Premier League
42,Which team did LeBron James play for when he won his first two NBA championships in 2012 and 2013?,Miami Heat,Cleveland Cavaliers,Los Angeles Lakers,Boston Celtics,NBA
43,Which team gained promotion to the Premier League for the first time in their history in 2015 and managed to stay up for several seasons?,AFC Bournemouth,Watford,Norwich City,Cardiff City,Premier League
44,Who was the NBA's all-time leading scorer before LeBron James surpassed him in 2023?,Kareem Abdul-Jabbar,Karl Malone,Michael Jordan,Kobe Bryant,NBA
45,Who was the Premier League's top scorer (Golden Boot) in the 2023-24 season?,Erling Haaland,Cole Palmer,Alexander Isak,Ollie Watkins,Premier League
46,Which player won the NBA Finals MVP award for the Denver Nuggets in their 2023 championship run?,Nikola Jokić,Jamal Murray,Michael Porter Jr.,Aaron Gordon,NBA
47,"Which club achieved the 'Quadruple' of winning the Premier League, FA Cup, League Cup, and Champions League in a single season?",No English club,Manchester United,Manchester City,Liverpool,Premier League
48,"Which player, known for his 'finger roll', was a key part of the San Antonio Spurs championship teams in the 2000s?",George Gervin,Tony Parker,Manu Ginóbili,Tim Duncan,NBA
49,"Which manager, known for his 'Gegenpressing' style, took over Liverpool in 2015?",Jürgen Klopp,Thomas Tuchel,Pep Guardiola,Mauricio Pochettino,Premier League
50,What players scored the most points in a single NBA game since 1984?,Kobe Bryant,David Robinson,Devin Booker,Michael Jordan,NBA
51,Which player won the PFA Players' Player of the Year award for the 2010-11 season while playing for Tottenham Hotspur?,Gareth Bale,Luka Modrić,Scott Parker,Rafael van der Vaart,Premier League
52,"Which team won the NBA championship in 2004, upsetting the heavily favored Los Angeles Lakers?",Detroit Pistons,San Antonio Spurs,Boston Celtics,Miami Heat,NBA
53,"Who was the Premier League Manager of the Season for 2021-22, after guiding Liverpool to a second-place finish with 92 points?",Jürgen Klopp,Pep Guardiola,Eddie Howe,Patrick Vieira,Premier League
54,Which player won the NBA MVP award in 2007 leading the Dallas Mavericks to a league-best 67 wins?,Dirk Nowitzki,Steve Nash,Kobe Bryant,Tim Duncan,NBA
55,Which team earned the nickname 'The Centurions' after achieving 100 points in their 2017-18 Premier League winning season?,Manchester City,Liverpool,Chelsea,Arsenal,Premier League
56,Who was named the NBA Finals MVP in 2008 when the Boston Celtics defeated the Los Angeles Lakers?,Paul Pierce,Kevin Garnett,Ray Allen,Rajon Rondo,NBA
57,Which striker was the Premier League's top scorer in the 2011-12 season playing for Arsenal before moving to Manchester United?,Robin van Persie,Wayne Rooney,Sergio Agüero,Demba Ba,Premier League
58,What pick was Kobe Bryant in the 1996 NBA Draft before being traded to the Los Angeles Lakers?,13th pick (Charlotte Hornets),1st pick (Philadelphia 76ers),5th pick (Minnesota Timberwolves),24th pick (Los Angeles Lakers),NBA
59,In what year did West Ham United move from the Boleyn Ground (Upton Park) to the London Stadium?,2016,2014,2018,2012,Premier League
60,"Which player won the NBA Defensive Player of the Year award a record four times, including three times between 2001-02 and 2005-06?",Ben Wallace,Dikembe Mutombo,Dwight Howard,Sidney Moncrief,NBA
61,Who was the PFA Young Player of the Year in 2006-07 and 2007-08 playing for Manchester United?,Cristiano Ronaldo,Wayne Rooney,Cesc Fàbregas,Ashley Young,Premier League
62,Which team originally drafted Scottie Pippen before trading him to the Chicago Bulls on draft night in 1987?,Seattle SuperSonics,New York Knicks,Sacramento Kings,Cleveland Cavaliers,NBA
63,Which club did Fernando Torres famously join from Liverpool in January 2011 for a then British transfer record fee?,Chelsea,Manchester City,Real Madrid,Manchester United,Premier League
64,Who was the NBA's Sixth Man of the Year for three seasons with the Los Angeles Clippers?,Lou Williams,Jamal Crawford,Manu Ginóbili,James Harden,NBA
65,"Which manager led Chelsea to the Premier League title in the 2009-10 season, also winning the FA Cup for a 'double'?",Carlo Ancelotti,José Mourinho,Guus Hiddink,Antonio Conte,Premier League
66,Which player was the NBA MVP for the 2003-04 season playing for the Minnesota Timberwolves?,Kevin Garnett,Tim Duncan,Shaquille O'Neal,Kobe Bryant,NBA
67,What was the points tally for Liverpool when they won their first Premier League title in 2019-20?,99 points,100 points,97 points,92 points,Premier League
68,"Which international player from Argentina was a key member of the San Antonio Spurs dynasty, winning four NBA championships and an Olympic gold medal?",Manu Ginóbili,Luis Scola,Andrés Nocioni,Fabricio Oberto,NBA
69,Who scored the winning goal for Portsmouth in the 2008 FA Cup Final against Cardiff City?,Nwankwo Kanu,Jermain Defoe,Sulley Muntari,Niko Kranjčar,Premier League
70,Which city hosted the 1992 NBA All-Star Game where Magic Johnson won MVP after his initial retirement?,Orlando,Salt Lake City,Phoenix,Charlotte,NBA
71,Which player joined Manchester United from Everton in 2004 as an 18-year-old and became their all-time top scorer?,Wayne Rooney,Cristiano Ronaldo,Louis Saha,Alan Smith,Premier League
72,"Which player, nicknamed 'The Klaw', won NBA Finals MVP with two different teams (Spurs in 2014, Raptors in 2019)?",Kawhi Leonard,LeBron James,Kevin Durant,Andre Iguodala,NBA
73,Who was the manager of Tottenham Hotspur when they reached the UEFA Champions League Final in 2019?,Mauricio Pochettino,José Mourinho,Harry Redknapp,Antonio Conte,Premier League
74,Which player famously hit 'The Shot' over Craig Ehlo in the 1989 NBA Playoffs for the Chicago Bulls?,Michael Jordan,Scottie Pippen,Horace Grant,John Paxson,NBA
75,Which club did Riyad Mahrez play for when he won the PFA Players' Player of the Year award in 2015-16?,Leicester City,Manchester City,Arsenal,Chelsea,Premier League
76,"Which current NBA team was founded as the Charlotte Bobcats in 2004, with Michael Jordan later becoming a majority owner?",Charlotte Hornets,New Orleans Pelicans,Memphis Grizzlies,Orlando Magic,NBA
77,Who has been the primary owner of Chelsea FC since his takeover in 2003 until his sale in 2022?,Roman Abramovich,Todd Boehly,Ken Bates,Sheikh Mansour,Premier League
78,"Which Serbian center won back-to-back NBA MVP awards in 2021 and 2022, and led the Denver Nuggets to their first championship in 2023?",Nikola Jokić,Luka Dončić,Bogdan Bogdanović,Nikola Vučević,NBA
79,"Which team did Wigan Athletic famously beat in the 2013 FA Cup Final, only to be relegated from the Premier League days later?",Manchester City,Manchester United,Chelsea,Arsenal,Premier League
80,Which player won the NBA Rookie of the Year award in 2011 playing for the Los Angeles Clippers after being drafted #1 overall?,Blake Griffin,John Wall,Derrick Rose,Tyreke Evans,NBA
81,"Which manager led Manchester City to their first FA Cup win in 42 years in 2011, a precursor to their league success?",Roberto Mancini,Mark Hughes,Manuel Pellegrini,Sven-Göran Eriksson,Premier League
82,"Which coach led the 'Seven Seconds or Less' Phoenix Suns in the mid-2000s, featuring Steve Nash and Amar'e Stoudemire?",Mike D'Antoni,Terry Porter,Alvin Gentry,Frank Johnson,NBA
83,Which player scored the fastest goal in Premier League history (7.69 seconds) in 2019 for Southampton against Watford?,Shane Long,Ledley King,Alan Shearer,Dwight Yorke,Premier League
84,Which team did Ray Allen hit a famous game-tying three-pointer for in Game 6 of the 2013 NBA Finals?,Miami Heat,Boston Celtics,Seattle SuperSonics,Milwaukee Bucks,NBA
85,"Which former Liverpool captain became manager of Aston Villa in 2021, later moving to manage in Saudi Arabia?",Steven Gerrard,Jamie Carragher,Jordan Henderson,Graeme Souness,Premier League
86,The 'Splash Brothers' nickname refers to which duo from the Golden State Warriors?,Stephen Curry and Klay Thompson,Kevin Durant and Stephen Curry,Draymond Green and Klay Thompson,Chris Mullin and Tim Hardaway,NBA
87,Who was the Premier League's top scorer in the 2020-21 season playing for Tottenham Hotspur?,Harry Kane,Mohamed Salah,Bruno Fernandes,Son Heung-min,Premier League
88,Which player was known as 'The Answer' and was the NBA MVP in 2001 with the Philadelphia 76ers?,Allen Iverson,Kobe Bryant,Tracy McGrady,Vince Carter,NBA
89,"What year did Sir Alex Ferguson retire as manager of Manchester United, after winning his 13th Premier League title?",2013,2011,2015,2010,Premier League
90,Which team selected Zion Williamson with the first overall pick in the 2019 NBA Draft?,New Orleans Pelicans,Memphis Grizzlies,New York Knicks,Atlanta Hawks,NBA
91,Which goalkeeper holds the record for the most clean sheets in Premier League history?,Petr Čech,David James,Mark Schwarzer,David Seaman,Premier League
92,Which player won the NBA Finals MVP in 2006 leading the Miami Heat to their first championship?,Dwyane Wade,Shaquille O'Neal,Alonzo Mourning,Gary Payton,NBA
93,"Which season saw Chelsea, managed by Antonio Conte, win the Premier League title playing a 3-4-3 formation effectively?",2016-17,2014-15,2017-18,2015-16,Premier League
94,"Which team did Patrick Ewing play the majority of his NBA career for, leading them to the NBA Finals in 1994 and 1999?",New York Knicks,Orlando Magic,Seattle SuperSonics,Houston Rockets,NBA
95,Who was the PFA Players' Player of the Year for the 2014-15 season playing for Chelsea?,Eden Hazard,Diego Costa,Cesc Fàbregas,Nemanja Matić,Premier League
96,In what year did the original Charlotte Hornets NBA franchise relocate to New Orleans?,2002,2004,1999,2007,NBA
97,Which team did Liverpool famously come back from 3-0 down against to win the 2005 UEFA Champions League Final in Istanbul?,AC Milan,Real Madrid,Barcelona,Bayern Munich,Premier League
98,"Which player, drafted in 1998, is the Dallas Mavericks' all-time leading scorer and won an NBA championship with them in 2011?",Dirk Nowitzki,Luka Dončić,Jason Terry,Michael Finley,NBA
99,Who took over as Arsenal manager after Arsène Wenger's departure in 2018?,Unai Emery,Mikel Arteta,Freddie Ljungberg,Thomas Tuchel,Premier League
100,"Which player was named NBA MVP for the 2007-08 season, the only MVP award of his career, playing for the Los Angeles Lakers?",Kobe Bryant,LeBron James,Chris Paul,Kevin Garnett,NBA
101,"In Michael Jordan's rookie season (1984-85), which award did he win?",Rookie of the Year,Most Valuable Player,Defensive Player of the Year,Sixth Man of the Year,NBA
102,"Which team won the Premier League title in the 2004-05 season, breaking Manchester United's and Arsenal's recent dominance?",Chelsea,Liverpool,Everton,Bolton Wanderers,Premier League
103,"Who was the first pick in the 2003 NBA Draft, a famously strong draft class including LeBron James, Dwyane Wade, and Carmelo Anthony?",LeBron James (Cleveland Cavaliers),Darko Miličić (Detroit Pistons),Carmelo Anthony (Denver Nuggets),Chris Bosh (Toronto Raptors),NBA
104,Who was the top scorer in the Premier League in the 2007-08 season?,Cristiano Ronaldo,Fernando Torres,Emmanuel Adebayor,Dimitar Berbatov,Premier League
105,Which team achieved a 'three-peat' of NBA championships from 2000 to 2002?,Los Angeles Lakers,San Antonio Spurs,Detroit Pistons,Chicago Bulls,NBA
106,Which manager famously guided Leicester City to their improbable Premier League title in the 2015-16 season?,Claudio Ranieri,Nigel Pearson,Craig Shakespeare,Brendan Rodgers,Premier League
107,Which player won back-to-back NBA MVP awards in 2005 and 2006?,Steve Nash,Kobe Bryant,LeBron James,Dirk Nowitzki,NBA
108,Which team is known as 'The Clarets'?,Burnley,Brighton,AFC Bournemouth,Cardiff City,Premier League
109,"The 'Bad Boy' Pistons, known for their physical style of play, won NBA championships in which two consecutive years?",1989 and 1990,1987 and 1988,1991 and 1992,1988 and 1989,NBA
110,Which Liverpool player won the PFA Players' Player of the Year award for the 2013-14 season after a prolific goalscoring campaign?,Luis Suárez,Steven Gerrard,Daniel Sturridge,Philippe Coutinho,Premier League
111,Who did the Chicago Bulls defeat in the 1991 NBA Finals to win Michael Jordan's first championship?,Los Angeles Lakers,Portland Trail Blazers,Detroit Pistons,Phoenix Suns,NBA
112,"Which team, managed by Jürgen Klopp, won their first Premier League title in the 2019-20 season?",Liverpool,Manchester City,Chelsea,Manchester United,Premier League
113,"Which player, known for his exceptional three-point shooting, was named NBA MVP in 2015 and 2016 with the Golden State Warriors?",Stephen Curry,Klay Thompson,Kevin Durant,Draymond Green,NBA
114,Who holds the record for the most Premier League Golden Glove awards?,Petr Čech,Joe Hart,David de Gea,Alisson Becker,Premier League
115,"The 'Dream Team,' representing the USA, famously won Olympic Gold in which year?",1992 (Barcelona),1996 (Atlanta),1988 (Seoul),2000 (Sydney),NBA
116,Which player won three consecutive Premier League Golden Boot awards from 2017-18 to 2019-20?,Mohamed Salah,Harry Kane,Jamie Vardy,Sergio Agüero,Premier League
117,"Which franchise did LeBron James lead to their first-ever NBA championship in 2016, overcoming a 3-1 deficit in the Finals?",Cleveland Cavaliers,Miami Heat,Los Angeles Lakers,Toronto Raptors,NBA
118,"Which manager achieved an 'Invincible' season with Arsenal in 2003-04, and continued to manage them until 2018?",Arsène Wenger,Sir Alex Ferguson,José Mourinho,Rafael Benítez,Premier League
119,"What year did the San Antonio Spurs, led by Tim Duncan, win their first NBA championship in the Duncan era?",1999,2003,1997,2001,NBA
120,Who became the all-time top scorer for Manchester City in the Premier League era?,Sergio Agüero,Raheem Sterling,Kevin De Bruyne,Yaya Touré,Premier League
121,"Dirk Nowitzki led which team to an NBA championship in 2011, defeating the Miami Heat's 'Big Three'?",Dallas Mavericks,Phoenix Suns,Denver Nuggets,Houston Rockets,NBA
122,Which midfielder won the PFA Players' Player of the Year and FWA Footballer of the Year in 2016-17?,N'Golo Kanté,Eden Hazard,Cesc Fàbregas,Diego Costa,Premier League
123,Which player was famously drafted #1 overall by the Orlando Magic in 1992?,Shaquille O'Neal,Penny Hardaway,Larry Johnson,Chris Webber,NBA
124,Tottenham Hotspur's Son Heung-min shared the Premier League Golden Boot in the 2021-22 season with which other player?,Mohamed Salah,Harry Kane,Cristiano Ronaldo,Sadio Mané,Premier League
125,Which player won the NBA Finals MVP award for the Toronto Raptors in their 2019 championship run?,Kawhi Leonard,Kyle Lowry,Pascal Siakam,Fred VanVleet,NBA
126,Who was the manager of Chelsea when they won back-to-back Premier League titles in 2004-05 and 2005-06?,José Mourinho,Carlo Ancelotti,Guus Hiddink,Avram Grant,Premier League
127,Which team selected Allen Iverson with the first overall pick in the 1996 NBA Draft?,Philadelphia 76ers,Boston Celtics,Vancouver Grizzlies,Toronto Raptors,NBA
128,Which player broke Alan Shearer's record for the most Premier League goals in a calendar year in 2017?,Harry Kane,Mohamed Salah,Robin van Persie,Sergio Agüero,Premier League
129,Which player won back-to-back NBA MVP awards in 2019 and 2020?,Giannis Antetokounmpo,Thanasis Antetokounmpo,Stephen Curry,Jokic,NBA
130,"In the 2022-23 Premier League season, Erling Haaland broke the record for most goals in a single season. Which club does he play for?",Manchester City,Manchester United,Liverpool,Arsenal,Premier League
131,What is the name of the Chicago Bulls' home arena where Michael Jordan played most of his career with them?,United Center,Chicago Stadium,Allstate Arena,Wintrust Arena,NBA
132,Who captained Manchester United to their UEFA Champions League victory in 2008 and multiple Premier League titles?,Rio Ferdinand,Wayne Rooney,Ryan Giggs,Paul Scholes,Premier League
133,Which player is known for his 'fadeaway' shot and won 5 NBA championships with the Los Angeles Lakers between 2000 and 2010?,Kobe Bryant,Shaquille O'Neal,Pau Gasol,Derek Fisher,NBA
134,"Which team dramatically avoided relegation on the final day of the 2004-05 Premier League season, a feat known as the 'Great Escape'?",West Bromwich Albion,Crystal Palace,Norwich City,Southampton,Premier League
135,Who coached the Chicago Bulls to their six NBA championships in the 1990s?,Phil Jackson,Doug Collins,Jerry Sloan,Tex Winter,NBA
136,Which striker was Chelsea's top scorer in their 2014-15 Premier League winning season?,Diego Costa,Fernando Torres,Didier Drogba,Loïc Rémy,Premier League
137,Which team did Michael Jordan briefly come out of retirement to play for from 2001 to 2003?,Washington Wizards,Charlotte Hornets,Chicago Bulls,Los Angeles Lakers,NBA
138,Kevin De Bruyne has won multiple PFA Players' Player of the Year awards playing for which club?,Manchester City,Chelsea,Wolfsburg,Arsenal,Premier League
139,Which dominant center was NBA MVP in 2000 and won three consecutive Finals MVPs from 2000-2002 with the Lakers?,Shaquille O'Neal,Tim Duncan,David Robinson,Hakeem Olajuwon,NBA
140,"Which Welsh player, known for his blistering pace, transferred from Tottenham to Real Madrid in 2013 for a then-world record fee?",Gareth Bale,Aaron Ramsey,Ryan Giggs,Craig Bellamy,Premier League
141,Which player hit the iconic game-winning shot for the Chicago Bulls in Game 6 of the 1998 NBA Finals against the Utah Jazz?,Michael Jordan,Scottie Pippen,Steve Kerr,Dennis Rodman,NBA
142,Who was the manager of Manchester City when they first won the Premier League title in 2011-12?,Roberto Mancini,Manuel Pellegrini,Mark Hughes,Pep Guardiola,Premier League
143,The 'Malice at the Palace' brawl in 2004 involved players from which two NBA teams?,Indiana Pacers and Detroit Pistons,Los Angeles Lakers and Boston Celtics,New York Knicks and Miami Heat,Sacramento Kings and Los Angeles Lakers,NBA
144,Which player won the Premier League Golden Boot in 2009-10 playing for Chelsea?,Didier Drogba,Frank Lampard,Nicolas Anelka,Wayne Rooney,Premier League
145,"Which power forward, known as 'The Big Fundamental', won five NBA championships with the San Antonio Spurs?",Tim Duncan,Karl Malone,Charles Barkley,Kevin Garnett,NBA
146,Which team finished second to Leicester City in the remarkable 2015-16 Premier League season?,Arsenal,Tottenham Hotspur,Manchester City,Manchester United,Premier League
147,Which player has the most All-NBA First Team selections in NBA history?,LeBron James,Michael Jordan,Kareem Abdul-Jabbar,Kobe Bryant,NBA
148,Which current Premier League manager guided AFC Bournemouth from League Two to the Premier League in a remarkable journey?,Eddie Howe,Sean Dyche,Graham Potter,Thomas Frank,Premier League
149,In what year did the Seattle SuperSonics relocate and become the Oklahoma City Thunder?,2008,2005,2011,2001,NBA
150,"Who was the PFA Young Player of the Year for two consecutive seasons, 2019-20 and 2020-21?",Phil Foden,Trent Alexander-Arnold,Bukayo Saka,Mason Mount,Premier League
151,Which team won their first Premier League title in the 2004-05 season?,Chelsea,Arsenal,Liverpool,Manchester United,Premier League
152,"Who was the dominant center for the Minneapolis Lakers, leading them to five NBA championships in the 1950s?",George Mikan,Bill Russell,Wilt Chamberlain,Kareem Abdul-Jabbar,NBA
153,Who scored the famous last-minute goal for Manchester City against QPR in 2012 to win their first Premier League title?,Sergio Agüero,Edin Džeko,Mario Balotelli,David Silva,Premier League
154,In what year was the shot clock first introduced to the NBA?,1954,1949,1961,1970,NBA
155,"Which team famously won the Premier League in the 2019-20 season, their first league title in 30 years?",Liverpool,Manchester City,Chelsea,Arsenal,Premier League
156,"Which former ABA star, known for his athleticism and slam dunks, became a major NBA icon after the ABA-NBA merger in 1976?",Julius Erving,George Gervin,Rick Barry,Artis Gilmore,NBA
157,Which player won the PFA Players' Player of the Year award for his performances in Leicester City's 2015-16 title-winning season?,Riyad Mahrez,Jamie Vardy,N'Golo Kanté,Danny Drinkwater,Premier League
158,Who holds the NBA record for the most career blocked shots?,Hakeem Olajuwon,Dikembe Mutombo,Kareem Abdul-Jabbar,Tim Duncan,NBA
159,Who holds the record for the most goals scored by a midfielder in a single Premier League season?,Frank Lampard,Steven Gerrard,Yaya Touré,Kevin De Bruyne,Premier League
160,Which player has the most NBA All-Star selections in history?,LeBron James,Kareem Abdul-Jabbar,Kobe Bryant,Michael Jordan,NBA
161,Which manager has led Manchester City to multiple Premier League titles since taking charge in 2016?,Pep Guardiola,Manuel Pellegrini,Roberto Mancini,Mark Hughes,Premier League
162,Which player is the NBA's all-time leader in regular season steals?,John Stockton,Jason Kidd,Michael Jordan,Gary Payton,NBA
163,Cristiano Ronaldo first won the PFA Players' Player of the Year award in which season with Manchester United?,2006-07,2007-08,2005-06,2003-04,Premier League
164,Which of these players won an NBA MVP award and a Defensive Player of the Year award in the same season?,Hakeem Olajuwon,Michael Jordan,David Robinson,Kevin Garnett,NBA
165,Which striker won the Premier League Golden Boot playing for Arsenal in 2011-12 before moving to Manchester United?,Robin van Persie,Thierry Henry,Emmanuel Adebayor,Pierre-Emerick Aubameyang,Premier League
166,The fierce rivalry between Magic Johnson and Larry Bird in the 1980s is credited with revitalizing the NBA. Which teams did they play for respectively?,Los Angeles Lakers and Boston Celtics,Detroit Pistons and Philadelphia 76ers,Chicago Bulls and New York Knicks,Houston Rockets and Utah Jazz,NBA
167,Who won the Premier League Golden Boot in the 2013-14 season with 31 goals?,Luis Suárez,Daniel Sturridge,Sergio Agüero,Robin van Persie,Premier League
168,"Which San Antonio Spurs trio, coached by Gregg Popovich, won multiple NBA championships together in the 2000s and 2010s?","Tim Duncan, Tony Parker, Manu Ginóbili","David Robinson, Avery Johnson, Sean Elliott","Kawhi Leonard, LaMarcus Aldridge, Danny Green","Bruce Bowen, Robert Horry, Michael Finley",NBA
169,N'Golo Kanté won back-to-back Premier League titles with which two different clubs in 2015-16 and 2016-17?,Leicester City and Chelsea,Chelsea and Manchester City,Leicester City and Arsenal,Chelsea and Liverpool,Premier League
170,"Which team, led by Stephen Curry, Klay Thompson, and Draymond Green, won multiple NBA championships in the 2010s and 2020s?",Golden State Warriors,Cleveland Cavaliers,Miami Heat,Oklahoma City Thunder,NBA
171,Who was the PFA Players' Player of the Year in the 2017-18 season?,Mohamed Salah,Kevin De Bruyne,Harry Kane,Sadio Mané,Premier League
172,"Which German player, known for his signature one-legged fadeaway, led the Dallas Mavericks to their first NBA championship in 2011?",Dirk Nowitzki,Detlef Schrempf,Dennis Schröder,Franz Wagner,NBA
173,What was the points tally of Arsenal's 'Invincibles' when they won the Premier League in 2003-04?,90 points,92 points,88 points,86 points,Premier League
174,Who is the all-time top scorer in the Premier League?,Alan Shearer,Wayne Rooney,Harry Kane,Thierry Henry,Premier League
175,Which player has won the most NBA championships as a player?,Bill Russell,Michael Jordan,LeBron James,Kareem Abdul-Jabbar,NBA
176,Which club has won the most Premier League titles?,Manchester United,Liverpool,Arsenal,Chelsea,Premier League
177,Who is the NBA's all-time leading scorer?,LeBron James,Kareem Abdul-Jabbar,Karl Malone,Michael Jordan,NBA
178,Who holds the record for the most goals scored in a single 38-game Premier League season?,Erling Haaland,Mohamed Salah,Alan Shearer,Cristiano Ronaldo,Premier League
179,Which player has won the most NBA MVP (Most Valuable Player) awards?,Kareem Abdul-Jabbar,Michael Jordan,Bill Russell,LeBron James,NBA
180,Which manager has won the most Premier League titles?,Sir Alex Ferguson,Arsène Wenger,José Mourinho,Pep Guardiola,Premier League
181,Which player has won the most NBA Finals MVP awards?,Michael Jordan,LeBron James,Magic Johnson,Tim Duncan,NBA
182,In what year was the inaugural Premier League season?,1992-93,1990-91,1994-95,1988-89,Premier League
183,Which NBA team holds the record for the best regular season record?,Golden State Warriors,Chicago Bulls,Los Angeles Lakers,Boston Celtics,NBA
184,Who holds the record for the most appearances in the Premier League?,Gareth Barry,Ryan Giggs,Frank Lampard,James Milner,Premier League
185,Who is the NBA's all-time leader in assists?,John Stockton,Jason Kidd,Chris Paul,Steve Nash,NBA
186,Which team did Tracy McGrady and Yao Ming play for together in the mid-2000s?,Houston Rockets,Orlando Magic,Toronto Raptors,Phoenix Suns,NBA
187,Which club won the first-ever Premier League title in 1992-93?,Manchester United,Liverpool,Arsenal,Leeds United,Premier League
188,Who won the 2020 NBA Finals MVP award in the Orlando 'bubble'?,LeBron James,Anthony Davis,Jimmy Butler,Kawhi Leonard,NBA
189,Which player holds the record for the fastest Premier League goal (9.7 seconds)?,Ledley King,Shane Long,Alan Shearer,Dwight Yorke,Premier League
190,Which player was known as 'The Big Ticket'?,Kevin Garnett,Tim Duncan,Dirk Nowitzki,Chris Weber,NBA
191,Which club did Luis Suarez play for before joining Barcelona?,Liverpool,Ajax,Manchester City,Chelsea,Premier League
192,Which player won the 2019 NBA Most Improved Player award while playing for the Toronto Raptors?,Pascal Siakam,Fred VanVleet,OG Anunoby,Norman Powell,NBA
193,Who scored the winning penalty for Chelsea in the 2012 UEFA Champions League Final?,Didier Drogba,Frank Lampard,Juan Mata,Ashley Cole,Premier League
194,Which coach is known for creating the 'Triangle Offense'?,Tex Winter,Phil Jackson,Pat Riley,Jerry Sloan,NBA
195,Which player has received the most red cards in Premier League history (8)?,Patrick Vieira,Duncan Ferguson,Richard Dunne,Roy Keane,Premier League
196,Which team did Chris Paul first play for when he entered the NBA?,New Orleans Hornets,Los Angeles Clippers,Houston Rockets,Phoenix Suns,NBA
197,Which goalkeeper scored from inside his own penalty area against Watford in 2007?,Paul Robinson,Tim Howard,David Seaman,Peter Schmeichel,Premier League
198,Who was the NBA Finals MVP when the Warriors won their first championship in 1975?,Rick Barry,Phil Smith,Jamaal Wilkes,Clifford Ray,NBA
199,Which stadium is famously known as 'The Theatre of Dreams'?,Old Trafford,Anfield,Stamford Bridge,Emirates Stadium,Premier League
200,Which player was drafted by the Charlotte Hornets and immediately traded for Vlade Divac?,Kobe Bryant,Kevin Garnett,Tracy McGrady,Paul Pierce,NBA
201,Who was Manchester United's goalkeeper during their 1999 treble-winning season?,Peter Schmeichel,David Seaman,Edwin van der Sar,Fabien Barthez,Premier League
202,Which player famously guaranteed a victory in the 1994 Eastern Conference Semifinals?,Reggie Miller,Patrick Ewing,Michael Jordan,Shaquille O'Neal,NBA
203,Which club did Pep Guardiola manage immediately before joining Manchester City?,Bayern Munich,Barcelona,Juventus,Real Madrid,Premier League
204,Who scored 13 points in 33 seconds against the San Antonio Spurs in 2004?,Tracy McGrady,Kobe Bryant,Reggie Miller,Ray Allen,NBA
205,Which players share the record for most assists in a single Premier League season (20)?,Thierry Henry and Kevin De Bruyne,Frank Lampard and Mesut Özil,David Silva and Christian Eriksen,Cesc Fàbregas and Ryan Giggs,Premier League
206,Which team originally drafted Pau Gasol before he was traded to the Lakers?,Memphis Grizzlies,Atlanta Hawks,Charlotte Hornets,Vancouver Grizzlies,NBA
207,Which striker was known as 'The King' at Newcastle United?,Alan Shearer,Les Ferdinand,Andy Cole,Peter Beardsley,Premier League
208,Who was the coach of the 'Showtime' Lakers during most of the 1980s?,Pat Riley,Paul Westhead,Mike Dunleavy,Del Harris,NBA
209,Which team has won the League Cup a record 9 times?,Liverpool,Manchester City,Chelsea,Manchester United,Premier League
210,Which player was known as 'The Human Highlight Reel'?,Dominique Wilkins,Vince Carter,Michael Jordan,Julius Erving,NBA
211,Which manager famously said 'I have nothing to say' in a press conference?,José Mourinho,Sir Alex Ferguson,Arsène Wenger,Pep Guardiola,Premier League
212,Which team did Dwight Howard win Defensive Player of the Year three times with?,Orlando Magic,Los Angeles Lakers,Houston Rockets,Atlanta Hawks,NBA
213,Which club has the motto 'You'll Never Walk Alone'?,Liverpool,Celtic,Manchester United,Chelsea,Premier League
214,Who was the youngest player to score 50 points in an NBA game?,Brandon Jennings,LeBron James,Devin Booker,Jayson Tatum,NBA
215,Which player scored an incredible long-range goal for Newcastle United against Manchester City in 2012?,Papiss Cissé,Philippe Albert,David Ginola,Laurent Robert,Premier League
216,What was the name of the arena that the Lakers and Clippers shared before it became Crypto.com Arena?,Staples Center,The Forum,Rose Garden,Oracle Arena,NBA
217,Who was Everton's top scorer when they finished 4th in 2004-05?,Tim Cahill,Duncan Ferguson,Marcus Bent,James Beattie,Premier League
218,Which player won the 2022 NBA Finals MVP?,Stephen Curry,Jaylen Brown,Jayson Tatum,Andrew Wiggins,NBA
219,Which club plays at the King Power Stadium?,Leicester City,Southampton,Crystal Palace,Burnley,Premier League
220,Who was the first European player to win NBA MVP?,Dirk Nowitzki,Tony Parker,Pau Gasol,Peja Stojaković,NBA
221,Which player scored four goals against Norwich City in 2013 for Liverpool?,Luis Suárez,Daniel Sturridge,Steven Gerrard,Raheem Sterling,Premier League
222,Which team drafted Kevin Durant before relocating to Oklahoma City?,Seattle SuperSonics,Vancouver Grizzlies,New Orleans Hornets,Charlotte Bobcats,NBA
223,Who was Arsenal's captain during the 'Invincibles' season?,Patrick Vieira,Tony Adams,Thierry Henry,Dennis Bergkamp,Premier League
224,Which player is known as 'The Slim Reaper'?,Kevin Durant,Giannis Antetokounmpo,Brandon Ingram,Chet Holmgren,NBA
225,Which stadium has the largest capacity in the Premier League?,Old Trafford,Tottenham Hotspur Stadium,Emirates Stadium,Anfield,Premier League
226,Who hit 'The Shot' over Bryon Russell in the 1998 NBA Finals?,Michael Jordan,Scottie Pippen,Dennis Rodman,Steve Kerr,NBA
227,Which player has scored the most goals in London derbies?,Thierry Henry,Frank Lampard,Harry Kane,Didier Drogba,Premier League
228,Which team did Carmelo Anthony win a scoring title with?,New York Knicks,Denver Nuggets,Portland Trail Blazers,Oklahoma City Thunder,NBA
229,Who was the first goalkeeper to score a Premier League goal from open play?,Peter Schmeichel,Paul Robinson,Brad Friedel,Tim Howard,Premier League
230,"In 1980, which team traded five draft picks to acquire a single player?",Cleveland Cavaliers,New York Knicks,Philadelphia 76ers,Boston Celtics,NBA
231,Which club did Jurgen Klopp manage immediately before Liverpool?,Borussia Dortmund,Bayern Munich,Mainz 05,Schalke 04,Premier League
232,Who was the first player to win MVP with a sub-.500 team?,Kareem Abdul-Jabbar,Bob McAdoo,Moses Malone,Russell Westbrook,NBA
233,Which player is known for scoring spectacular 'rabona' goals?,Erik Lamela,Angel Di María,Ricardo Quaresma,Cristiano Ronaldo,Premier League
234,Which player was nicknamed 'The Round Mound of Rebound'?,Charles Barkley,Kevin Love,Zach Randolph,Moses Malone,NBA
235,Which team plays at Goodison Park?,Everton,Liverpool,Burnley,Stoke City,Premier League
236,Who was the first player to lead both teams in all five major statistics in an NBA Finals series?,LeBron James,Michael Jordan,Magic Johnson,Tim Duncan,NBA
237,Which player holds the record for most Premier League goals in a calendar year (39)?,Harry Kane,Alan Shearer,Mohamed Salah,Cristiano Ronaldo,Premier League
238,Which franchise won the NBA championship in 1977 and hasn't made the Finals since?,Portland Trail Blazers,Seattle SuperSonics,Washington Bullets,Milwaukee Bucks,NBA
239,Who was the first South American player to win PFA Player of the Year?,Luis Suárez,Carlos Tévez,Alexis Sánchez,Roberto Firmino,Premier League
240,Which player was known as 'Agent Zero'?,Gilbert Arenas,Russell Westbrook,Damian Lillard,John Wall,NBA
241,Which manager was known for his 'Mind Games' with other managers?,Sir Alex Ferguson,José Mourinho,Kevin Keegan,Arsène Wenger,Premier League
242,Who was the first player to record a quadruple-double in NBA history?,Nate Thurmond,Hakeem Olajuwon,David Robinson,Alvin Robertson,NBA
243,Which club is known as 'The Saints'?,Southampton,Newcastle United,Crystal Palace,West Ham United,Premier League
244,Which player won the 2023 NBA Clutch Player of the Year award?,De'Aaron Fox,Jimmy Butler,Damian Lillard,DeMar DeRozan,NBA
245,Who scored the infamous 'Beach Ball Goal' for Sunderland against Liverpool?,Darren Bent,Kenwyne Jones,Djibril Cisse,Asamoah Gyan,Premier League
246,Which team had the 'Jail Blazers' era in the early 2000s?,Portland Trail Blazers,Detroit Pistons,Sacramento Kings,Memphis Grizzlies,NBA
247,Which player scored the fastest FA Cup Final goal (25 seconds)?,Louis Saha,Roberto Di Matteo,John Aloisi,Ian Rush,Premier League
248,Who was the first player to be drafted straight from high school in the modern era?,Kevin Garnett,Kobe Bryant,LeBron James,Tracy McGrady,NBA
249,Which player scored a famous long-range chip against Wimbledon from the halfway line?,David Beckham,Wayne Rooney,Paul Scholes,Eric Cantona,Premier League
250,Which team did Jason Kidd lead to consecutive NBA Finals in 2002 and 2003?,New Jersey Nets,Dallas Mavericks,Phoenix Suns,New York Knicks,NBA
251,Which player scored six goals in a single Premier League game?,No player has achieved this,Andy Cole,Alan Shearer,Jermain Defoe,Premier League
252,Which player was nicknamed 'The Truth'?,Paul Pierce,Kevin Garnett,Ray Allen,Rajon Rondo,NBA
253,Which team won the Premier League in the 2006-07 season?,Manchester United,Chelsea,Arsenal,Liverpool,Premier League
254,Which player won the 2012 NBA Most Improved Player award?,Ryan Anderson,Kevin Love,Jeremy Lin,Paul George,NBA
255,Who was Chelsea's manager when they won their first Premier League title?,José Mourinho,Claudio Ranieri,Carlo Ancelotti,Roberto Di Matteo,Premier League
256,Which player was drafted #2 overall in the 2007 NBA Draft?,Kevin Durant,Greg Oden,Mike Conley,Al Horford,NBA
257,Which player has the most consecutive Premier League appearances (310)?,Brad Friedel,David James,Frank Lampard,Gary Speed,Premier League
258,Which coach won an NBA championship with the Boston Celtics in 1986?,K.C. Jones,Red Auerbach,Bill Fitch,Chris Ford,NBA
259,Which team plays at St. James' Park?,Newcastle United,Exeter City,Southampton,Sunderland,Premier League
260,Which player was known as 'The Captain'?,Willis Reed,Kareem Abdul-Jabbar,Bill Russell,Bob Cousy,NBA
261,Which club did Diego Costa join Chelsea from in 2014?,Atlético Madrid,Real Madrid,Valencia,Sevilla,Premier League
262,Which player won the 2001 NBA MVP award?,Allen Iverson,Shaquille O'Neal,Tim Duncan,Kobe Bryant,NBA
263,Who scored the famous 'Hand of God' goal?,Diego Maradona,Thierry Henry,Luis Suarez,Lionel Messi,Premier League
264,Which team did Steve Nash win his MVP awards with?,Phoenix Suns,Dallas Mavericks,Los Angeles Lakers,Golden State Warriors,NBA
265,Which player has won the most FA Cups (7)?,Ashley Cole,Ryan Giggs,Paul Scholes,John Terry,Premier League
266,Which player was nicknamed 'The Matrix'?,Shawn Marion,Gerald Wallace,Andre Kirilenko,Josh Smith,NBA
267,Which team did Pep Guardiola first face as Manchester City manager?,Sunderland,Stoke City,Manchester United,West Ham,Premier League
268,Which team had the longest winning streak in NBA history (33 games)?,Los Angeles Lakers (1971-72),Golden State Warriors (2015-16),Miami Heat (2012-13),Houston Rockets (2007-08),NBA
269,Which player has the most hat-tricks in Premier League history?,Sergio Agüero,Alan Shearer,Harry Kane,Michael Owen,Premier League
270,"Which player was the first to be named MVP, Finals MVP, and Olympic gold medalist in the same year?",Michael Jordan,LeBron James,Larry Bird,Magic Johnson,NBA
271,Which team has the record for most goals scored in a Premier League season (106)?,Manchester City (2017-18),Liverpool (2013-14),Manchester United (1999-2000),Chelsea (2009-10),Premier League
272,Which player was known as 'The Iceman'?,George Gervin,Wilt Chamberlain,Julius Erving,David Thompson,NBA
273,Which manager has the most Premier League Manager of the Month awards?,Sir Alex Ferguson,Arsène Wenger,José Mourinho,Pep Guardiola,Premier League
274,"Which player hit 8 three-pointers in a quarter, setting an NBA record?",Klay Thompson,Stephen Curry,Ray Allen,Reggie Miller,NBA
275,Which team has spent the most consecutive seasons in the Premier League?,Everton,Arsenal,Chelsea,Liverpool,Premier League
276,Which player was nicknamed 'The Glove'?,Gary Payton,Jason Kidd,John Stockton,Mark Jackson,NBA
277,Which player scored the first Premier League goal?,Brian Deane,Mark Hughes,Alan Shearer,Ian Wright,Premier League
278,Which team selected Damian Lillard in the 2012 NBA Draft?,Portland Trail Blazers,Charlotte Bobcats,Cleveland Cavaliers,Detroit Pistons,NBA
279,Which manager was known as 'The Special One'?,José Mourinho,Pep Guardiola,Carlo Ancelotti,Louis van Gaal,Premier League
280,Which player scored 60 points in his final NBA game?,Kobe Bryant,Michael Jordan,Wilt Chamberlain,David Robinson,NBA
281,Which team won the 'double' in the 1997-98 season?,Arsenal,Manchester United,Chelsea,Liverpool,Premier League
282,Which player was nicknamed 'The Admiral'?,David Robinson,Patrick Ewing,Alonzo Mourning,Dikembe Mutombo,NBA
283,Which team has the nickname 'The Toffees'?,Everton,Leeds United,Aston Villa,West Ham United,Premier League
284,Which player won the 2016 NBA Three-Point Contest?,Klay Thompson,Stephen Curry,Devin Booker,James Harden,NBA
285,Which player has scored the most penalties in Premier League history?,Alan Shearer,Frank Lampard,Steven Gerrard,Wayne Rooney,Premier League
286,Which team did Kevin McHale play his entire career for?,Boston Celtics,Houston Rockets,Minnesota Timberwolves,New York Knicks,NBA
287,Which club is known as 'The Foxes'?,Leicester City,Nottingham Forest,Sheffield United,Wolverhampton Wanderers,Premier League
288,"Which player was the youngest to reach 20,000 career points?",LeBron James,Kobe Bryant,Kevin Durant,Michael Jordan,NBA
289,"Which player was known as 'Half Man, Half Amazing'?",Vince Carter,Michael Jordan,Dominique Wilkins,Kobe Bryant,NBA
290,Which stadium is known as 'The Home of Football'?,Wembley Stadium,Old Trafford,Anfield,Emirates Stadium,Premier League
291,Which player won the 1984 NBA Rookie of the Year award?,Michael Jordan,Hakeem Olajuwon,Charles Barkley,John Stockton,NBA
292,Which team is known as 'The Hammers'?,West Ham United,Birmingham City,Bolton Wanderers,Sheffield United,Premier League
293,Which player was nicknamed 'The Black Mamba'?,Kobe Bryant,Michael Jordan,Kevin Durant,LeBron James,NBA
294,Which player has made the most substitute appearances in Premier League history?,Peter Crouch,Jermain Defoe,Shola Ameobi,Olivier Giroud,Premier League
295,Which team selected Giannis Antetokounmpo in the 2013 NBA Draft?,Milwaukee Bucks,Atlanta Hawks,Philadelphia 76ers,Utah Jazz,NBA
296,Which player scored the 'Goal of the Season' bicycle kick against Manchester City in 2018?,Wayne Rooney,Olivier Giroud,Christian Benteke,Andy Carroll,Premier League
297,Which player has the most career playoff points in NBA history?,LeBron James,Michael Jordan,Kareem Abdul-Jabbar,Kobe Bryant,NBA
298,Which club is nicknamed 'The Gunners'?,Arsenal,Manchester United,Chelsea,Tottenham Hotspur,Premier League
299,Which player scored 37 points in a single quarter?,Klay Thompson,Stephen Curry,Kobe Bryant,James Harden,NBA
300,Which country won the FIFA World Cup in 2014?,Germany,Argentina,Brazil,Netherlands,International Football
301,Who is the all-time top scorer for the Brazilian national team?,Neymar,Pelé,Ronaldo,Romário,International Football
302,Which country hosted and won the first ever FIFA World Cup in 1930?,Uruguay,Italy,Brazil,France,International Football
303,Which player won the Golden Boot at the 2018 FIFA World Cup?,Harry Kane,Antoine Griezmann,Romelu Lukaku,Kylian Mbappé,International Football
304,Which nation has won the most UEFA European Championship titles?,Germany,Spain,France,Italy,International Football
305,Who scored the 'Hand of God' goal for Argentina against England in the 1986 World Cup?,Diego Maradona,Lionel Messi,Mario Kempes,Gabriel Batistuta,International Football
306,Which African country was the first to reach the World Cup quarter-finals in 1990?,Cameroon,Nigeria,Senegal,Ghana,International Football
307,Who won the Ballon d'Or a record 8 times?,Lionel Messi,Cristiano Ronaldo,Johan Cruyff,Michel Platini,International Football
308,Which country won the UEFA Euro 2020 (held in 2021)?,Italy,England,Spain,Denmark,International Football
309,Who is the only player to have won three FIFA World Cups?,Pelé,Diego Maradona,Franz Beckenbauer,Ronaldo,International Football
310,Which nation famously defeated Brazil 7-1 in the semi-final of the 2014 World Cup?,Germany,Argentina,Netherlands,France,International Football
311,Who was the top scorer at the 1998 FIFA World Cup?,Davor Šuker,Gabriel Batistuta,Ronaldo,Christian Vieri,International Football
312,Which country won the first ever UEFA European Championship in 1960?,Soviet Union,Yugoslavia,Czechoslovakia,Spain,International Football
313,Which player scored the winning goal for Spain in the 2010 World Cup final?,Andrés Iniesta,David Villa,Xavi Hernandez,Fernando Torres,International Football
314,Which nation is known as the 'Azzurri'?,Italy,France,Spain,Portugal,International Football
315,Who captained France to victory in the 1998 FIFA World Cup?,Didier Deschamps,Zinedine Zidane,Marcel Desailly,Laurent Blanc,International Football
316,Which country has appeared in the most FIFA World Cup finals without ever winning?,Netherlands,Hungary,Czechoslovakia,Sweden,International Football
317,Who is Portugal's all-time leading goalscorer?,Cristiano Ronaldo,Eusébio,Luís Figo,Pauleta,International Football
318,"Which nation won the Copa América in 2021, with Lionel Messi leading the team?",Argentina,Brazil,Uruguay,Colombia,International Football
319,Who managed the England team that reached the semi-finals of the 2018 World Cup?,Gareth Southgate,Roy Hodgson,Sam Allardyce,Fabio Capello,International Football
320,"Which country is the current (as of early 2024) holder of the Africa Cup of Nations title, winning in 2023 (held in 2024)?",Ivory Coast,Senegal,Nigeria,Algeria,International Football
321,Who scored the fastest hat-trick in World Cup history (8 minutes)?,"László Kiss (Hungary, 1982)","Gabriel Batistuta (Argentina, 1994)","Pelé (Brazil, 1958)","Gerd Müller (West Germany, 1970)",International Football
322,Which nation is known as 'La Roja'?,Spain,Chile,Mexico,Colombia,International Football
323,Who won the Golden Ball (best player) at the 2006 FIFA World Cup despite being sent off in the final?,Zinedine Zidane,Fabio Cannavaro,Andrea Pirlo,Ronaldinho,International Football
324,Which country famously won Euro 1992 despite initially failing to qualify?,Denmark,Greece,Netherlands,Sweden,International Football
325,Who is the all-time leading scorer in FIFA World Cup history?,Miroslav Klose,Ronaldo,Gerd Müller,Just Fontaine,International Football
326,Which South American nation has won the most Copa América titles?,Uruguay,Argentina,Brazil,Chile,International Football
327,Who was the captain of the German team that won the 2014 World Cup?,Philipp Lahm,Bastian Schweinsteiger,Manuel Neuer,Thomas Müller,International Football
328,Which country hosted the 2002 FIFA World Cup jointly with South Korea?,Japan,China,Thailand,North Korea,International Football
329,Who is the only African player to have won the Ballon d'Or?,George Weah,Didier Drogba,Samuel Eto'o,Yaya Touré,International Football
330,Which nation is known for the 'Total Football' philosophy popularized in the 1970s?,Netherlands,Germany,Brazil,Argentina,International Football
331,Who scored the iconic 'scorpion kick' goal for Colombia against England at Wembley?,René Higuita,Carlos Valderrama,Faustino Asprilla,James Rodríguez,International Football
332,Which country won the FIFA Women's World Cup in 2023?,Spain,England,USA,Australia,International Football
333,Who is the all-time top scorer for the England national team?,Harry Kane,Wayne Rooney,Bobby Charlton,Gary Lineker,International Football
334,Which nation did Zlatan Ibrahimović represent at international level?,Sweden,Bosnia and Herzegovina,Croatia,Denmark,International Football
335,Who was the top scorer at UEFA Euro 2016?,Antoine Griezmann,Cristiano Ronaldo,Gareth Bale,Olivier Giroud,International Football
336,Which country did George Best represent internationally?,Northern Ireland,Republic of Ireland,Wales,England,International Football
337,Who won the Golden Glove (best goalkeeper) at the 2022 FIFA World Cup?,Emiliano Martínez,Yassine Bounou,Dominik Livaković,Hugo Lloris,International Football
338,Which nation is nicknamed 'Die Mannschaft'?,Germany,Austria,Switzerland,Belgium,International Football
339,Who scored the winning penalty for Italy in the 2006 World Cup final shootout against France?,Fabio Grosso,Andrea Pirlo,Francesco Totti,Alessandro Del Piero,International Football
340,Which country has won the most FIFA U-20 World Cup titles?,Argentina,Brazil,Portugal,Serbia,International Football
341,Who is the all-time top scorer for the French national team?,Olivier Giroud,Thierry Henry,Kylian Mbappé,Antoine Griezmann,International Football
342,"Which nation famously won Euro 2004 as major underdogs, coached by Otto Rehhagel?",Greece,Portugal,Czech Republic,Latvia,International Football
343,Who holds the record for the most goals scored in a single FIFA World Cup tournament (13 goals)?,Just Fontaine,Gerd Müller,Pelé,Eusébio,International Football
344,Which country hosted the 1994 FIFA World Cup?,USA,Mexico,Brazil,Canada,International Football
345,Who is the only player to score in two World Cup finals for different winning teams?,Vavá (Brazil),Pelé (Brazil),Diego Maradona (Argentina),Zinedine Zidane (France),International Football
346,Which nation is known as the 'Three Lions'?,England,Scotland,Wales,Netherlands,International Football
347,Who won the Best Young Player award at the 2002 FIFA World Cup?,Landon Donovan,Michael Owen,Ronaldinho,Kaka,International Football
348,Which country won the first ever FIFA Women's World Cup in 1991?,USA,Norway,Germany,China,International Football
349,Who is the most capped player in the history of men's international football?,Cristiano Ronaldo,Bader Al-Mutawa,Ahmed Hassan,Sergio Ramos,International Football
350,"Which nation did Ferenc Puskás famously captain in the 1950s, known as the 'Magical Magyars'?",Hungary,Austria,Czechoslovakia,Romania,International Football
351,Who scored the 'Goal of the Century' for Argentina against England in the 1986 World Cup?,Diego Maradona,Lionel Messi,Claudio Caniggia,Jorge Valdano,International Football
352,Which country won the UEFA Nations League in 2023?,Spain,Croatia,Italy,Netherlands,International Football
353,Who is the all-time top scorer for the German national team?,Miroslav Klose,Gerd Müller,Lukas Podolski,Jürgen Klinsmann,International Football
354,Which nation did Johan Cruyff lead to the World Cup final in 1974?,Netherlands,West Germany,Sweden,Poland,International Football
355,Who won the Golden Boot at the 1994 FIFA World Cup (shared)?,Oleg Salenko & Hristo Stoichkov,Romário & Roberto Baggio,Jürgen Klinsmann & Kennet Andersson,Dennis Bergkamp & Martin Dahlin,International Football
356,Which country won the Africa Cup of Nations a record 7 times?,Egypt,Cameroon,Ghana,Nigeria,International Football
357,Who was the first player to score in five different World Cup tournaments?,Cristiano Ronaldo,Lionel Messi,Miroslav Klose,Pelé,International Football
358,Which nation is known as the 'Oranje'?,Netherlands,Belgium,South Africa,Ivory Coast,International Football
359,Who managed Italy to their 2006 World Cup victory?,Marcello Lippi,Giovanni Trapattoni,Arrigo Sacchi,Fabio Capello,International Football
360,Which country hosted and won the 1998 FIFA World Cup?,France,Brazil,Italy,Germany,International Football
361,Who is the only goalkeeper to have won the Ballon d'Or?,Lev Yashin,Gianluigi Buffon,Manuel Neuer,Oliver Kahn,International Football
362,Which nation did Luis Suárez represent at international level?,Uruguay,Argentina,Brazil,Paraguay,International Football
363,Who scored the memorable free-kick for Brazil against France in 1997 that seemed to defy physics?,Roberto Carlos,Ronaldinho,Rivaldo,Juninho Pernambucano,International Football
364,"Which country won the UEFA Euro 2000, co-hosted by Belgium and Netherlands?",France,Italy,Portugal,Netherlands,International Football
365,Who won the Golden Ball at the 2014 FIFA World Cup?,Lionel Messi,Thomas Müller,James Rodríguez,Arjen Robben,International Football
366,Which Asian country has made the most FIFA World Cup appearances?,South Korea,Japan,Saudi Arabia,Iran,International Football
367,Who is the all-time top scorer for the Argentinian national team?,Lionel Messi,Gabriel Batistuta,Sergio Agüero,Diego Maradona,International Football
368,"Which nation did Roger Milla famously represent, known for his World Cup goal celebrations at an advanced age?",Cameroon,Nigeria,Ghana,Ivory Coast,International Football
369,Who was the top scorer at the 2002 FIFA World Cup?,Ronaldo,Miroslav Klose,Rivaldo,Christian Vieri,International Football
370,"Which country won the 1966 FIFA World Cup, hosted in England?",England,West Germany,Portugal,Brazil,International Football
371,Who is the only player to have scored a hat-trick in a World Cup final?,Kylian Mbappé,Geoff Hurst,Pelé,Paolo Rossi,International Football
372,Which nation is known as 'Seleção das Quinas'?,Portugal,Brazil,Spain,Angola,International Football
373,Who managed Spain to their victories at Euro 2008 and the 2010 World Cup?,Luis Aragonés & Vicente del Bosque,Vicente del Bosque & Julen Lopetegui,Luis Aragonés & Pep Guardiola,Rafael Benítez & Vicente del Bosque,International Football
374,Which country hosted the 2022 FIFA World Cup?,Qatar,USA,Russia,Australia,International Football
375,Who won the Puskás Award for the best goal of 2014 for his flying header at the World Cup?,James Rodríguez,Robin van Persie,Zlatan Ibrahimović,Cristiano Ronaldo,International Football
376,"Which nation did Eusébio, the 'Black Panther', represent?",Portugal,Mozambique,Brazil,Angola,International Football
377,Who was the top scorer at UEFA Euro 2004?,Milan Baroš,Ruud van Nistelrooy,Wayne Rooney,Angelos Charisteas,International Football
378,Which country has the most participations in the FIFA World Cup without ever winning it?,Mexico,Netherlands,Sweden,Spain (before 2010),International Football
379,Who is the all-time top scorer for the Netherlands national team?,Robin van Persie,Klaas-Jan Huntelaar,Patrick Kluivert,Dennis Bergkamp,International Football
380,Which nation won the CONCACAF Gold Cup the most times?,Mexico,USA,Canada,Costa Rica,International Football
381,Who scored the 'Golden Goal' for France in the Euro 2000 final against Italy?,David Trezeguet,Zinedine Zidane,Thierry Henry,Sylvain Wiltord,International Football
382,"Which country did Lev Yashin, the 'Black Spider', play for?",Soviet Union,Russia,Ukraine,Belarus,International Football
383,Who won the Golden Boot at the 2010 FIFA World Cup (shared)?,"Thomas Müller, David Villa, Wesley Sneijder, Diego Forlán",Miroslav Klose,Luis Suárez,Gonzalo Higuaín,International Football
384,Which nation is the only one to have played in every FIFA World Cup tournament?,Brazil,Germany,Italy,Argentina,International Football
385,Who captained Italy to their 2006 World Cup triumph?,Fabio Cannavaro,Gianluigi Buffon,Francesco Totti,Alessandro Del Piero,International Football
386,"Which country won the 2004 Copa América, defeating Argentina in the final?",Brazil,Colombia,Peru,Uruguay,International Football
387,Who is the all-time leading female international goalscorer?,Christine Sinclair (Canada),Abby Wambach (USA),Mia Hamm (USA),Birgit Prinz (Germany),International Football
388,Which nation did Franz Beckenbauer captain and later manage to World Cup victory?,West Germany,Germany,Austria,Bayern Munich (as a club),International Football
389,Who scored the infamous own goal for Colombia in the 1994 World Cup that allegedly led to his murder?,Andrés Escobar,Carlos Valderrama,René Higuita,Faustino Asprilla,International Football
390,"Which country won the UEFA Euro 1988, featuring stars like Marco van Basten and Ruud Gullit?",Netherlands,Soviet Union,West Germany,Italy,International Football
391,Who is the youngest player ever to score in a FIFA World Cup final?,Pelé,Kylian Mbappé,Michael Owen,Norman Whiteside,International Football
392,Which nation is known as 'La Albiceleste'?,Argentina,Uruguay,Paraguay,Colombia,International Football
393,Who won the FIFA World Player of the Year award three times in a row from 1996 to 1998?,Ronaldo,Zinedine Zidane,George Weah,Romário,International Football
394,Which country did Michel Platini captain to victory in the 1984 UEFA European Championship?,France,Italy,Spain,West Germany,International Football
395,Who scored the winning goal for Germany in the 1990 World Cup final against Argentina?,Andreas Brehme,Lothar Matthäus,Jürgen Klinsmann,Rudi Völler,International Football
396,Which Oceanian nation has qualified for the FIFA World Cup finals most recently (excluding Australia when they were part of OFC)?,New Zealand,Fiji,Tahiti,Solomon Islands,International Football
397,Who is the all-time top scorer for the Spanish national team?,David Villa,Raúl González,Fernando Torres,Álvaro Morata,International Football
398,Which nation did Hristo Stoichkov lead to the semi-finals of the 1994 FIFA World Cup?,Bulgaria,Romania,Sweden,Yugoslavia,International Football
399,Who is the all-time top scorer in UEFA European Championship history?,Cristiano Ronaldo,Michel Platini,Alan Shearer,Thierry Henry,International Football
400,Which country won the Copa América in 2019?,Brazil,Argentina,Chile,Colombia,International Football
401,Which nation is known as 'The Indomitable Lions'?,Cameroon,Nigeria,Ivory Coast,Ghana,International Football
402,Who was the first player to score a hat-trick in a World Cup final?,Geoff Hurst,Pelé,Vavá,Zinedine Zidane,International Football
403,Which country won the UEFA Euro 2012?,Spain,Italy,Germany,Portugal,International Football
404,Who is the all-time top scorer for the Italian national team?,Luigi Riva,Francesco Totti,Gigi Riva,Roberto Baggio,International Football
